DATA;PRECO PETROLEO;PRECO DOLAR;PRECO GASOLINA
2004-05-09;37.25;3.06065;1.966
2004-05-16;37.618;2.9684375;1.961
2004-05-23;38.43;3.1502000000000003;1.963
2004-05-30;37.952;3.1469;1.993
2004-06-06;37.254;2.986875;2.001
2004-06-13;35.342;2.91165;2.06
2004-06-20;35.089999999999996;3.1399;2.123
2004-06-27;34.708000000000006;3.1192;2.109
2004-07-04;34.001999999999995;3.055125;2.104
2004-07-11;36.506;2.9913;2.096
2004-07-18;37.763999999999996;2.9652000000000003;2.091
2004-07-25;39.052;3.0218499999999997;2.11
2004-08-01;40.664;3.05053;2.117
2004-08-08;42.008;2.97925;2.16
2004-08-15;43.158;2.8701499999999998;2.162
2004-08-22;44.564;2.9933500000000004;2.16
2004-08-29;42.227999999999994;2.9583;2.146
2004-09-05;41.0;2.9149000000000003;2.136
2004-09-12;40.596;2.9490416666666666;2.131
2004-09-19;41.552;2.8980000000000006;2.125
2004-09-26;45.29600000000001;2.8724;2.122
2004-10-03;47.11;2.8781666666666665;2.126
2004-10-10;48.086;3.0448500000000003;2.141
2004-10-17;50.956;2.8352;2.2030000000000003
2004-10-24;50.498000000000005;2.8648;2.201
2004-10-31;50.15;2.86831;2.1630000000000003
2004-11-07;45.784000000000006;3.0195;2.175
2004-11-14;42.834;2.8930000000000002;2.189
2004-11-21;40.632;2.7763999999999998;2.158
2004-11-28;42.779999999999994;2.7469;2.279
2004-12-05;41.306;2.8804583333333333;2.255
2004-12-12;37.602;2.923625;2.2230000000000003
2004-12-19;39.976;2.7439;2.221
2004-12-26;41.152;2.69545;2.244
2005-01-02;39.79;2.665016666666667;2.229
2005-01-09;42.07;2.4632166666666664;2.22
2005-01-16;44.586;2.4675124999999998;2.214
2005-01-23;45.076;2.7081;2.208
2005-01-30;45.815999999999995;2.6721399999999997;2.195
2005-02-06;44.038;2.56752;2.185
2005-02-13;43.286;2.287875;2.177
2005-02-20;45.224000000000004;2.57645;2.187
2005-02-27;48.227999999999994;2.60045;2.235
2005-03-06;51.327999999999996;2.5719333333333334;2.287
2005-03-13;53.092;2.2636666666666665;2.29
2005-03-20;54.852;2.7446600000000005;2.332
2005-03-27;53.7625;2.73448;2.332
2005-04-03;52.232000000000006;2.6820071428571426;2.318
2005-04-10;53.786;2.4085799999999997;2.261
2005-04-17;50.428000000000004;2.4894125;2.26
2005-04-24;51.227999999999994;2.5746700000000002;2.259
2005-05-01;51.641999999999996;2.5621666666666667;2.277
2005-05-08;50.048;2.4434375;2.298
2005-05-15;48.696;2.317825;2.253
2005-05-22;46.982;2.46446;2.214
2005-05-29;48.588;2.41757;2.184
2005-06-05;50.458;2.51255;2.134
2005-06-12;51.898;2.3271;2.097
2005-06-19;54.172000000000004;2.43181;2.129
2005-06-26;56.952;2.3847899999999997;2.146
2005-07-03;56.688;2.4912214285714285;2.198
2005-07-10;57.984;2.40794;2.219
2005-07-17;57.42999999999999;2.28212;2.219
2005-07-24;56.391999999999996;2.34898;2.235
2005-07-31;58.496;2.43582;2.238
2005-08-07;60.416;2.5435499999999998;2.249
2005-08-14;64.456;2.260725;2.249
2005-08-21;64.22999999999999;2.3649099999999996;2.235
2005-08-28;65.678;2.41403;2.235
2005-09-04;66.09200000000001;2.4964500000000003;2.233
2005-09-11;63.239999999999995;2.34882;2.428
2005-09-18;61.215999999999994;2.3000800000000003;2.417
2005-09-25;63.628;2.28554;2.402
2005-10-02;62.164;2.3591714285714285;2.419
2005-10-09;58.926;2.486075;2.398
2005-10-16;58.589999999999996;2.2322375;2.388
2005-10-23;58.153999999999996;2.24694;2.402
2005-10-30;58.498000000000005;2.27227;2.47
2005-11-06;58.74399999999999;2.5562916666666666;2.464
2005-11-13;56.788;2.2681125;2.457
2005-11-20;53.774;2.20044;2.452
2005-11-27;53.572;2.23503;2.431
2005-12-04;53.592;2.38234;2.439
2005-12-11;56.068;2.3474;2.454
2005-12-18;58.751999999999995;2.28098;2.423
2005-12-25;56.36;2.34054;2.403
2006-01-01;57.3775;2.3369;2.441
2006-01-08;61.7175;2.18036;2.467
2006-01-15;62.17999999999999;2.1809375;2.46
2006-01-22;63.544000000000004;2.29808;2.436
2006-01-29;63.774;2.2421599999999997;2.42
2006-02-05;64.0;2.1941333333333333;2.42
2006-02-12;61.227999999999994;2.185775;2.474
2006-02-19;58.044000000000004;2.13704;2.472
2006-02-26;59.39;2.13766;2.536
2006-03-05;61.06;2.1670000000000003;2.602
2006-03-12;59.496;2.166425;2.585
2006-03-19;62.422000000000004;2.12392;2.5540000000000003
2006-03-26;61.605999999999995;2.15617;2.53
2006-04-02;64.75800000000001;2.2172;2.491
2006-04-09;66.928;2.13505;2.475
2006-04-16;68.9125;2.1536;2.494
2006-04-23;72.54249999999999;2.12493;2.562
2006-04-30;72.84400000000001;2.1175100000000002;2.579
2006-05-07;72.922;2.1854299999999998;2.575
2006-05-14;70.438;2.1490333333333336;2.56
2006-05-21;67.838;2.1758200000000003;2.524
2006-05-28;68.466;2.30261;2.502
2006-06-04;68.748;2.2334428571428573;2.444
2006-06-11;67.888;2.17914;2.443
2006-06-18;66.172;2.2582899999999997;2.488
2006-06-25;68.33;2.24383;2.54
2006-07-02;71.81800000000001;2.2069083333333332;2.533
2006-07-09;73.45;2.1767583333333334;2.507
2006-07-16;73.986;2.176425;2.486
2006-07-23;73.51599999999999;2.19469;2.555
2006-07-30;73.53;2.19354;2.528
2006-08-06;76.316;2.17489;2.498
2006-08-13;76.978;2.1565250000000002;2.449
2006-08-20;72.348;2.14623;2.421
2006-08-27;71.91600000000001;2.14308;2.472
2006-09-03;68.35;2.1669714285714283;2.468
2006-09-10;65.758;2.1661124999999997;2.461
2006-09-17;61.379999999999995;2.156425;2.436
2006-09-24;60.232000000000006;2.17492;2.422
2006-10-01;58.758;2.2019583333333332;2.403
2006-10-08;57.146;2.1445833333333333;2.543
2006-10-15;58.327999999999996;2.1476333333333333;2.536
2006-10-22;58.508;2.13705;2.545
2006-10-29;57.732000000000006;2.14162;2.5380000000000003
2006-11-05;56.477999999999994;2.15644;2.54
2006-11-12;58.01800000000001;2.16276;2.54
2006-11-19;57.852;2.15513;2.5380000000000003
2006-11-26;59.198;2.16453;2.519
2006-12-03;62.59400000000001;2.19817;2.523
2006-12-10;63.632000000000005;2.1781666666666664;2.514
2006-12-17;62.564;2.1463875;2.519
2006-12-24;62.436;2.15414;2.512
2006-12-31;59.69;2.14274;2.506
2007-01-07;55.63;2.06465;2.502
2007-01-14;51.788;1.8183666666666667;2.495
2007-01-21;51.3975;2.1367000000000003;2.476
2007-01-28;54.86800000000001;2.13345;2.398
2007-02-04;55.918000000000006;2.1148285714285713;2.371
2007-02-11;57.902;1.87987;2.508
2007-02-18;55.544000000000004;2.097025;2.525
2007-02-25;58.1625;2.08567;2.508
2007-03-04;60.622;2.1011800000000003;2.494
2007-03-11;60.348;1.92148;2.4530000000000003
2007-03-18;60.866;2.03534;2.4090000000000003
2007-03-25;61.089999999999996;2.06911;2.391
2007-04-01;66.098;2.0732833333333334;2.421
2007-04-08;68.545;1.97165;2.4530000000000003
2007-04-15;68.2025;1.9076625;2.452
2007-04-22;66.208;2.03157;2.445
2007-04-29;67.394;2.0295300000000003;2.4130000000000003
2007-05-06;66.038;2.0645583333333333;2.398
2007-05-13;63.912;1.84891;2.381
2007-05-20;67.554;1.9778200000000001;2.364
2007-05-27;70.65;1.9514699999999998;2.407
2007-06-03;68.44500000000001;1.9971500000000002;2.414
2007-06-10;71.232;1.9529299999999998;2.412
2007-06-17;69.892;1.8649;2.384
2007-06-24;71.78;1.91618;2.354
2007-07-01;71.758;1.9406299999999999;2.354
2007-07-08;74.785;2.0185199999999996;2.406
2007-07-15;77.756;1.8331;2.414
2007-07-22;78.244;1.86113;2.435
2007-07-29;76.662;1.8772399999999998;2.452
2007-08-05;76.338;2.02445;2.454
2007-08-12;70.69800000000001;1.8559625;2.4530000000000003
2007-08-19;70.092;2.01208;2.454
2007-08-26;68.44;2.00805;2.456
2007-09-02;70.548;2.015685714285714;2.45
2007-09-09;75.0575;1.9912100000000001;2.451
2007-09-16;76.89200000000001;1.8412125;2.454
2007-09-23;78.17;1.88212;2.443
2007-09-30;78.15;1.85399;2.439
2007-10-07;77.978;2.025775;2.4530000000000003
2007-10-14;78.852;1.8673125;2.444
2007-10-21;84.28999999999999;1.80637;2.446
2007-10-28;83.72200000000001;1.79933;2.448
2007-11-04;90.41600000000001;1.88844;2.441
2007-11-11;93.544;1.9186999999999999;2.45
2007-11-18;90.738;1.7546499999999998;2.46
2007-11-25;94.005;1.7720300000000002;2.455
2007-12-02;92.16;1.9038285714285714;2.463
2007-12-09;89.088;1.97449;2.466
2007-12-16;90.244;1.7809599999999999;2.449
2007-12-23;90.82000000000001;1.80352;2.424
2007-12-30;94.39;1.7783000000000002;2.458
2008-01-06;96.5025;1.74342;2.459
2008-01-13;94.396;1.81419;2.4330000000000003
2008-01-20;90.03399999999999;1.7633800000000002;2.417
2008-01-27;88.455;1.80334;2.441
2008-02-03;91.77;1.7751000000000001;2.437
2008-02-10;89.884;1.7088166666666667;2.361
2008-02-17;94.982;1.900375;2.309
2008-02-24;97.125;1.72391;2.303
2008-03-02;99.098;1.697075;2.437
2008-03-09;101.902;1.66173;2.44
2008-03-16;107.68800000000002;2.00982;2.434
2008-03-23;103.0475;1.7218900000000001;2.414
2008-03-30;102.048;1.736;2.398
2008-04-06;100.878;1.7115;2.402
2008-04-13;106.602;1.9019399999999997;2.365
2008-04-20;110.424;1.6718699999999997;2.432
2008-04-27;114.34;1.66419;2.421
2008-05-04;111.97999999999999;1.6970399999999999;2.412
2008-05-11;119.84400000000001;1.73922;2.399
2008-05-18;122.58400000000002;1.8296299999999999;2.387
2008-05-25;126.47;1.65273;2.357
2008-06-01;128.7575;1.652;2.331
2008-06-08;126.33400000000002;1.65975;2.341
2008-06-15;134.118;1.9786333333333335;2.449
2008-06-22;132.08200000000002;1.6131800000000003;2.423
2008-06-29;135.54000000000002;1.6034;2.419
2008-07-06;141.065;1.6992;2.4530000000000003
2008-07-13;137.43400000000003;1.900725;2.434
2008-07-20;135.052;1.59413;2.365
2008-07-27;126.702;1.58027;2.34
2008-08-03;124.43199999999999;1.6340083333333333;2.337
2008-08-10;116.56199999999998;1.7780083333333332;2.346
2008-08-17;110.16400000000002;1.8331;2.353
2008-08-24;111.66;1.6254300000000002;2.438
2008-08-31;112.404;1.62911;2.435
2008-09-07;103.685;1.67808;2.441
2008-09-14;97.28;2.1595166666666668;2.444
2008-09-21;89.348;1.84861;2.449
2008-09-28;100.914;1.83265;2.447
2008-10-05;91.9;1.79634;2.441
2008-10-12;80.976;1.9849083333333333;2.439
2008-10-19;69.28;2.1440200000000003;2.428
2008-10-26;64.404;2.26538;2.443
2008-11-02;60.614;2.0561857142857143;2.46
2008-11-09;59.434000000000005;1.6763750000000002;2.463
2008-11-16;53.266;2.2967125;2.459
2008-11-23;47.794;2.3578;2.454
2008-11-30;48.5325;2.31275;2.439
2008-12-07;43.696;1.6891375;2.425
2008-12-14;41.010000000000005;2.0162750000000003;2.412
2008-12-21;41.714;2.37605;2.456
2008-12-28;35.3825;2.38119;2.462
2009-01-04;37.035;2.33492;2.458
2009-01-11;45.248000000000005;1.94956;2.4530000000000003
2009-01-18;42.384;2.21902;2.435
2009-01-25;41.667500000000004;2.34322;2.43
2009-02-01;44.204;2.3064;2.425
2009-02-08;43.64;2.17958;2.446
2009-02-15;45.588;1.8913;2.427
2009-02-22;40.912499999999994;2.3274;2.428
2009-03-01;42.676;2.3775199999999996;2.415
2009-03-08;43.864;2.117225;2.394
2009-03-15;43.980000000000004;1.90855;2.394
2009-03-22;46.434000000000005;2.26771;2.415
2009-03-29;51.464;2.25102;2.447
2009-04-05;48.494;2.2915799999999997;2.481
2009-04-12;51.48;1.8174199999999998;2.485
2009-04-19;51.589999999999996;2.1839;2.457
2009-04-26;48.965999999999994;2.21394;2.472
2009-05-03;49.916;2.2494714285714283;2.446
2009-05-10;54.827999999999996;1.915975;2.424
2009-05-17;56.386;2.0020125;2.422
2009-05-24;57.89;2.0444299999999997;2.418
2009-05-31;62.195;2.0153;2.393
2009-06-07;67.174;2.1923583333333334;2.499
2009-06-14;69.88;1.7657166666666668;2.488
2009-06-21;69.67999999999999;1.96101;2.4730000000000003
2009-06-28;67.576;1.9764400000000002;2.462
2009-07-05;68.03;2.0907899999999997;2.475
2009-07-12;60.394000000000005;1.8274899999999998;2.47
2009-07-19;61.108000000000004;1.9540199999999999;2.477
2009-07-26;66.562;1.9008500000000002;2.469
2009-08-02;68.6;1.9487750000000001;2.463
2009-08-09;73.986;2.0205399999999996;2.466
2009-08-16;72.898;1.7893375;2.466
2009-08-23;71.51599999999999;1.85063;2.436
2009-08-30;72.332;1.85824;2.436
2009-09-06;67.604;2.15395;2.479
2009-09-13;69.17;1.80704;2.466
2009-09-20;68.846;1.80929;2.46
2009-09-27;66.95599999999999;1.80273;2.438
2009-10-04;65.9;2.027433333333333;2.501
2009-10-11;67.86800000000001;1.8635300000000001;2.514
2009-10-18;72.288;1.72469;2.525
2009-10-25;77.238;1.72815;2.529
2009-11-01;76.06800000000001;1.7421;2.536
2009-11-08;76.596;2.09673;2.544
2009-11-15;76.24600000000001;1.7537375;2.552
2009-11-22;77.03999999999999;1.72197;2.556
2009-11-29;76.515;1.73353;2.553
2009-12-06;77.782;2.1075;2.545
2009-12-13;73.144;1.7717666666666665;2.548
2009-12-20;71.80199999999999;1.7636399999999999;2.5540000000000003
2009-12-27;73.35;1.77047;2.557
2010-01-03;77.1925;1.7685928571428573;2.572
2010-01-10;79.818;1.76694;2.588
2010-01-17;78.30999999999999;1.73677;2.595
2010-01-24;74.2825;1.78537;2.59
2010-01-31;71.882;1.84649;2.614
2010-02-07;72.53999999999999;1.80045;2.611
2010-02-14;70.852;1.722625;2.599
2010-02-21;75.8;1.83657;2.569
2010-02-28;76.226;1.81666;2.543
2010-03-07;77.862;1.7918875;2.52
2010-03-14;79.364;1.7177;2.495
2010-03-21;79.054;1.77331;2.462
2010-03-28;78.382;1.80003;2.4530000000000003
2010-04-04;80.5875;1.7939666666666667;2.447
2010-04-11;83.88399999999999;1.74351;2.462
2010-04-18;85.23400000000001;1.75105;2.528
2010-04-25;84.608;1.7564799999999998;2.556
2010-05-02;85.982;1.7627000000000002;2.529
2010-05-09;82.49600000000001;1.7700099999999999;2.526
2010-05-16;78.324;1.7322375;2.512
2010-05-23;72.172;1.8402100000000001;2.502
2010-05-30;70.79;1.8486;2.478
2010-06-06;72.705;1.7840625;2.469
2010-06-13;72.762;1.7225899999999998;2.454
2010-06-20;76.218;1.7894700000000001;2.45
2010-06-27;76.642;1.7807;2.45
2010-07-04;73.85799999999999;1.77731;2.451
2010-07-11;73.9525;1.77912;2.455
2010-07-18;75.7;1.7460499999999999;2.466
2010-07-25;76.64200000000001;1.77451;2.506
2010-08-01;77.236;1.7591666666666665;2.512
2010-08-08;82.694;1.8127;2.517
2010-08-15;78.20599999999999;1.7109100000000002;2.527
2010-08-22;74.944;1.7563;2.516
2010-08-29;72.818;1.76362;2.528
2010-09-05;75.41;1.78682;2.526
2010-09-12;77.1675;1.746825;2.528
2010-09-19;78.438;1.71524;2.526
2010-09-26;78.378;1.7190400000000001;2.53
2010-10-03;79.82000000000001;1.7396833333333335;2.53
2010-10-10;83.866;1.7758749999999999;2.553
2010-10-17;83.114;1.67807;2.548
2010-10-24;81.426;1.68376;2.546
2010-10-31;82.248;1.70705;2.55
2010-11-07;85.596;1.7872500000000002;2.556
2010-11-14;87.42999999999999;1.7146000000000001;2.559
2010-11-21;83.94;1.7237500000000001;2.575
2010-11-28;83.505;1.7261099999999998;2.573
2010-12-05;88.1;1.7646214285714286;2.574
2010-12-12;90.248;1.7312375;2.588
2010-12-19;90.912;1.7019300000000002;2.592
2010-12-26;92.9;1.6986;2.588
2011-01-02;93.17;1.6753916666666668;2.59
2011-01-09;94.72200000000001;1.597425;2.593
2011-01-16;97.086;1.722725;2.595
2011-01-23;97.34;1.6747900000000002;2.597
2011-01-30;96.62;1.67328;2.6010000000000004
2011-02-06;100.358;1.63326;2.599
2011-02-13;99.904;1.6825875;2.609
2011-02-20;102.806;1.66782;2.61
2011-02-27;110.49249999999999;1.66862;2.617
2011-03-06;114.526;1.6339916666666667;2.62
2011-03-13;114.446;1.7292666666666667;2.623
2011-03-20;112.66600000000001;1.67083;2.653
2011-03-27;115.41199999999999;1.66083;2.6710000000000003
2011-04-03;116.49000000000001;1.6515714285714285;2.727
2011-04-10;123.03;1.64432;2.76
2011-04-17;123.572;1.623175;2.78
2011-04-24;122.735;1.5741;2.809
2011-05-01;125.36;1.5869499999999999;2.838
2011-05-08;119.56400000000001;1.5941999999999998;2.815
2011-05-15;114.52799999999999;1.7270375;2.781
2011-05-22;112.02000000000001;1.62058;2.715
2011-05-29;113.40599999999999;1.62228;2.698
2011-06-05;115.68;1.61633;2.681
2011-06-12;117.726;1.67932;2.668
2011-06-19;116.78799999999998;1.59455;2.66
2011-06-26;110.176;1.59384;2.654
2011-07-03;109.032;1.6191928571428573;2.6460000000000004
2011-07-10;115.39;1.6323900000000002;2.651
2011-07-17;117.72200000000001;1.65473;2.648
2011-07-24;118.19800000000001;1.56521;2.634
2011-07-31;117.69800000000001;1.5516400000000001;2.635
2011-08-07;112.654;1.6087699999999998;2.632
2011-08-14;105.304;1.7025375;2.632
2011-08-21;109.53600000000002;1.59516;2.643
2011-08-28;111.05799999999999;1.6043600000000002;2.664
2011-09-04;116.105;1.61952;2.675
2011-09-11;115.97;1.65091;2.69
2011-09-18;114.97999999999999;1.7349599999999998;2.7030000000000003
2011-09-25;111.984;1.8311199999999999;2.702
2011-10-02;107.69200000000001;1.789642857142857;2.709
2011-10-09;104.032;1.6177000000000001;2.7060000000000004
2011-10-16;111.58599999999998;1.753875;2.702
2011-10-23;111.47200000000001;1.76891;2.7060000000000004
2011-10-30;111.33400000000002;1.7378900000000002;2.709
2011-11-06;109.84;1.6510083333333334;2.702
2011-11-13;114.67999999999999;1.680675;2.698
2011-11-20;110.69000000000001;1.7717500000000002;2.7030000000000003
2011-11-27;106.66499999999999;1.8480800000000002;2.704
2011-12-04;110.054;1.75766;2.7060000000000004
2011-12-11;109.30999999999999;1.6584299999999998;2.705
2011-12-18;106.26199999999999;1.85345;2.704
2011-12-25;107.72200000000001;1.8554300000000001;2.7060000000000004
2012-01-01;107.50666666666666;1.86543;2.7060000000000004
2012-01-08;112.51;1.8891300000000002;2.704
2012-01-15;111.776;1.9482833333333334;2.7
2012-01-22;109.6;1.7735299999999998;2.697
2012-01-29;109.17999999999999;1.7528099999999998;2.692
2012-02-05;111.196;1.7945642857142856;2.681
2012-02-12;117.208;2.024625;2.6710000000000003
2012-02-19;119.79400000000001;1.7192;2.6660000000000004
2012-02-26;123.335;1.7116900000000002;2.6630000000000003
2012-03-04;124.88;1.7528333333333332;2.68
2012-03-11;126.624;2.00257;2.687
2012-03-18;126.22200000000001;1.86643;2.7
2012-03-25;124.346;1.81976;2.7
2012-04-01;124.42999999999999;1.8209916666666668;2.6860000000000004
2012-04-08;123.68666666666667;1.9541875;2.688
2012-04-15;120.8725;2.00095;2.688
2012-04-22;117.17999999999999;1.8645900000000002;2.6860000000000004
2012-04-29;118.096;1.88229;2.689
2012-05-06;116.674;1.8671599999999997;2.6910000000000003
2012-05-13;111.7775;2.0453900000000003;2.675
2012-05-20;109.86600000000001;2.00106;2.667
2012-05-27;108.144;2.04211;2.6660000000000004
2012-06-03;103.4725;1.9014142857142857;2.656
2012-06-10;99.03;1.98707;2.664
2012-06-17;97.214;2.0573;2.664
2012-06-24;92.458;2.04607;2.645
2012-07-01;91.226;2.06937;2.65
2012-07-08;98.80250000000001;1.8955899999999999;2.656
2012-07-15;99.882;2.0445875;2.648
2012-07-22;105.4;2.02603;2.65
2012-07-29;104.17999999999999;2.03284;2.6460000000000004
2012-08-05;107.274;1.8998599999999999;2.647
2012-08-12;112.494;2.0318125;2.642
2012-08-19;115.042;2.02223;2.635
2012-08-26;116.102;2.0199599999999998;2.638
2012-09-02;113.02000000000001;1.9677642857142856;2.636
2012-09-09;114.11;1.9215699999999998;2.634
2012-09-16;115.40799999999999;2.0311875;2.638
2012-09-23;111.832;2.02509;2.634
2012-09-30;110.354;2.02982;2.632
2012-10-07;111.40799999999999;1.8706299999999998;2.629
2012-10-14;114.876;2.0393375;2.624
2012-10-21;113.59200000000001;2.03241;2.612
2012-10-28;108.27000000000001;2.0262599999999997;2.655
2012-11-04;108.85;1.9455099999999999;2.763
2012-11-11;107.782;2.01796;2.793
2012-11-18;109.11800000000001;2.06931;2.801
2012-11-25;110.255;2.08837;2.802
2012-12-02;109.816;2.0417333333333336;2.805
2012-12-09;109.078;1.9538799999999998;2.8110000000000004
2012-12-16;109.096;2.06618;2.8080000000000003
2012-12-23;109.792;2.08063;2.805
2012-12-30;109.8125;2.06135;2.802
2013-01-06;112.3475;2.0148333333333333;2.7960000000000003
2013-01-13;112.372;2.24435;2.798
2013-01-20;111.346;2.03797;2.8
2013-01-27;113.7175;2.03766;2.824
2013-02-03;115.13199999999999;2.00514;2.931
2013-02-10;117.154;2.1902916666666665;2.9410000000000003
2013-02-17;118.098;2.0589125;2.923
2013-02-24;115.3;1.9645800000000002;2.917
2013-03-03;112.418;1.99029;2.911
2013-03-10;109.984;2.1679583333333334;2.904
2013-03-17;108.41;2.0693375;2.906
2013-03-24;107.328;1.99274;2.8960000000000004
2013-03-31;107.6825;2.01493;2.89
2013-04-07;107.06199999999998;2.07005;2.879
2013-04-14;103.248;2.2955;2.867
2013-04-21;98.092;1.99972;2.857
2013-04-28;100.60799999999999;2.0116;2.85
2013-05-05;101.53399999999999;1.9927800000000002;2.842
2013-05-12;103.774;2.2763916666666666;2.834
2013-05-19;102.90799999999999;2.02295;2.813
2013-05-26;102.298;2.04258;2.801
2013-06-02;102.0325;2.0733333333333333;2.783
2013-06-09;102.924;2.14058;2.763
2013-06-16;103.39200000000001;2.2266;2.759
2013-06-23;103.92999999999999;2.20809;2.747
2013-06-30;101.43199999999999;2.21181;2.73
2013-07-07;105.1825;2.02365;2.745
2013-07-14;108.258;2.269066666666667;2.767
2013-07-21;109.41199999999999;2.23646;2.778
2013-07-28;108.398;2.23991;2.7880000000000003
2013-08-04;108.606;2.108507142857143;2.7910000000000004
2013-08-11;108.556;2.2151699999999996;2.786
2013-08-18;110.726;2.32945;2.7880000000000003
2013-08-25;111.12;2.41104;2.784
2013-09-01;115.31800000000001;2.3149;2.776
2013-09-08;116.025;2.131825;2.77
2013-09-15;113.218;2.2746500000000003;2.76
2013-09-22;109.976;2.23219;2.75
2013-09-29;108.80199999999999;2.22179;2.758
2013-10-06;108.63399999999999;2.08325;2.756
2013-10-13;110.304;2.26095;2.757
2013-10-20;110.10799999999999;2.17224;2.787
2013-10-27;107.822;2.1851700000000003;2.864
2013-11-03;107.60999999999999;2.103392857142857;2.869
2013-11-10;104.53800000000001;2.1693100000000003;2.882
2013-11-17;107.098;2.32399;2.874
2013-11-24;109.324;2.2836;2.879
2013-12-01;111.315;2.30972;2.9610000000000003
2013-12-08;112.27799999999999;2.0972666666666666;2.978
2013-12-15;109.104;2.321725;2.983
2013-12-22;110.34;2.34053;2.989
2013-12-29;111.715;2.35774;2.994
2014-01-05;108.7325;2.31343;2.997
2014-01-12;107.01399999999998;2.34875;2.998
2014-01-19;107.828;2.3543700000000003;2.989
2014-01-26;109.14000000000001;2.37116;2.991
2014-02-02;108.83399999999999;2.4161;2.994
2014-02-09;107.73400000000001;2.2434800000000004;2.989
2014-02-16;109.124;2.463725;2.992
2014-02-23;109.74000000000001;2.38341;2.995
2014-03-02;109.172;2.3558142857142856;2.994
2014-03-09;109.14200000000001;2.27029;2.992
2014-03-16;108.01199999999999;2.44909;2.992
2014-03-23;106.532;2.33988;2.987
2014-03-30;106.54400000000001;2.2977;2.989
2014-04-06;105.26199999999999;2.3126100000000003;2.989
2014-04-13;106.50999999999999;2.35829;2.986
2014-04-20;109.07;2.2315600000000004;2.982
2014-04-27;109.20599999999999;2.23291;2.983
2014-05-04;109.15;2.28611;2.98
2014-05-11;108.47999999999999;2.30605;2.979
2014-05-18;109.532;2.28861;2.966
2014-05-25;110.718;2.2128699999999997;2.955
2014-06-01;109.62;2.2554833333333333;2.95
2014-06-08;108.984;2.2947800000000003;2.938
2014-06-15;110.978;2.3952666666666667;2.926
2014-06-22;114.28599999999999;2.23602;2.9130000000000003
2014-06-29;113.08600000000001;2.21171;2.89
2014-07-06;110.25750000000001;2.2907333333333333;2.881
2014-07-13;107.032;2.369825;2.884
2014-07-20;105.388;2.22754;2.887
2014-07-27;106.34200000000001;2.22042;2.899
2014-08-03;105.708;2.26911;2.919
2014-08-10;103.6;2.2645166666666667;2.934
2014-08-17;101.94;2.3545;2.937
2014-08-24;99.88;2.26107;2.939
2014-08-31;100.644;2.26005;2.937
2014-09-07;100.4525;2.25249;2.926
2014-09-14;97.32000000000001;2.4199166666666665;2.919
2014-09-21;97.018;2.34938;2.92
2014-09-28;95.01;2.40322;2.893
2014-10-05;93.40599999999999;2.36865;2.906
2014-10-12;90.186;2.383566666666667;2.908
2014-10-19;85.498;2.43261;2.901
2014-10-26;85.582;2.4783999999999997;2.904
2014-11-02;85.55799999999999;2.454725;2.9160000000000004
2014-11-09;83.036;2.2635333333333336;2.952
2014-11-16;79.902;2.598025;2.965
2014-11-23;77.622;2.57798;2.9730000000000003
2014-11-30;76.63;2.52914;2.974
2014-12-07;69.72200000000001;2.3056125;2.971
2014-12-14;64.078;2.453575;2.98
2014-12-21;59.774;2.68779;2.97
2014-12-28;58.6925;2.6821200000000003;2.97
2015-01-04;56.0275;2.76824;2.965
2015-01-11;49.465999999999994;3.3934399999999996;2.965
2015-01-18;46.577999999999996;2.87963;2.966
2015-01-25;46.4425;2.60657;2.965
2015-02-01;46.763999999999996;2.613766666666667;3.2430000000000003
2015-02-08;54.616;2.99913;3.26
2015-02-15;56.565999999999995;3.6523600000000003;3.269
2015-02-22;60.568000000000005;2.84584;3.29
2015-03-01;60.632000000000005;2.87109;3.299
2015-03-08;60.117999999999995;3.071025;3.298
2015-03-15;56.508;3.6482;3.289
2015-03-22;52.720000000000006;3.24829;3.283
2015-03-29;55.013999999999996;3.17699;3.2710000000000004
2015-04-05;54.785;3.04128;3.2510000000000003
2015-04-12;56.512;3.58733;3.2460000000000004
2015-04-19;59.11800000000001;3.06217;3.221
2015-04-26;61.412;3.01252;3.212
2015-05-03;63.49400000000001;2.889;3.209
2015-05-10;65.006;3.4029875;3.222
2015-05-17;64.902;3.2038875;3.279
2015-05-24;64.31;3.02958;3.268
2015-05-31;61.57;3.14635;3.267
2015-06-07;61.898;2.9659750000000003;3.257
2015-06-14;63.238;3.73695;3.213
2015-06-21;60.653999999999996;3.0866599999999997;3.199
2015-06-28;60.84400000000001;3.10047;3.2030000000000003
2015-07-05;60.355999999999995;3.0193;3.198
2015-07-12;56.63199999999999;3.6273299999999997;3.198
2015-07-19;57.172000000000004;3.15076;3.2060000000000004
2015-07-26;55.754;3.2344999999999997;3.213
2015-08-02;54.136;3.252641666666667;3.219
2015-08-09;48.589999999999996;3.2493600000000002;3.229
2015-08-16;47.944;3.655425;3.229
2015-08-23;45.998000000000005;3.48354;3.2030000000000003
2015-08-30;43.528;3.5740000000000003;3.222
2015-09-06;48.8675;3.0521333333333334;3.218
2015-09-13;47.596000000000004;3.6666800000000004;3.227
2015-09-20;47.336;3.8640300000000005;3.252
2015-09-27;47.334;4.02496;3.269
2015-10-04;46.988;3.5223750000000003;3.44
2015-10-11;51.33200000000001;3.4776499999999997;3.439
2015-10-18;48.994;3.83199;3.468
2015-10-25;46.81;3.9094900000000004;3.445
2015-11-01;47.15;3.88857;3.5010000000000003
2015-11-08;47.230000000000004;3.11911;3.588
2015-11-15;44.751999999999995;3.814825;3.592
2015-11-22;41.544;3.7832;3.554
2015-11-29;43.652;3.7457100000000003;3.585
2015-12-06;42.412;3.1099416666666664;3.565
2015-12-13;38.762;3.67375;3.577
2015-12-20;36.836;3.9023000000000003;3.596
2015-12-27;35.9025;3.97211;3.592
2016-01-03;36.5475;3.9430642857142857;3.5980000000000003
2016-01-10;34.194;3.3823300000000005;3.61
2016-01-17;29.1;3.73981;3.613
2016-01-24;27.756;4.08543;3.632
2016-01-31;31.748;4.07498;3.64
2016-02-07;32.184000000000005;3.743175;3.638
2016-02-14;30.410000000000004;3.3024875;3.64
2016-02-21;32.29;4.020010000000001;3.645
2016-02-28;33.116;3.9670900000000002;3.636
2016-03-06;36.278;3.7741;3.666
2016-03-13;39.296;3.2451000000000003;3.672
2016-03-20;38.496;3.6856999999999998;3.699
2016-03-27;39.405;3.65011;3.699
2016-04-03;37.0;3.7327642857142855;3.682
2016-04-10;37.512;3.36759;3.681
2016-04-17;42.35;3.44215;3.661
2016-04-24;43.04;3.5513400000000006;3.669
2016-05-01;44.464;3.6031833333333334;3.635
2016-05-08;44.196000000000005;3.50892;3.649
2016-05-15;45.2;3.3639375;3.626
2016-05-22;48.336;3.5355800000000004;3.629
2016-05-29;48.734;3.5781799999999997;3.603
2016-06-05;48.905;3.6851399999999996;3.607
2016-06-12;49.944;3.34568;3.593
2016-06-19;47.388;3.4677300000000004;3.603
2016-06-26;48.122;3.3850300000000004;3.59
2016-07-03;47.092;3.5053583333333336;3.592
2016-07-10;45.964;3.38385;3.572
2016-07-17;45.538;3.28065;3.5810000000000004
2016-07-24;45.220000000000006;3.2647;3.562
2016-07-31;42.546;3.2743700000000002;3.5780000000000003
2016-08-07;40.884;3.677891666666667;3.562
2016-08-14;43.629999999999995;3.2376875;3.5860000000000003
2016-08-21;48.602;3.20477;3.565
2016-08-28;48.654;3.22441;3.607
2016-09-04;47.309999999999995;3.46959;3.626
2016-09-11;47.506;3.3146299999999997;3.624
2016-09-18;46.208;3.32308;3.638
2016-09-25;46.238;3.2381900000000003;3.643
2016-10-02;46.744;3.3520749999999997;3.653
2016-10-09;49.524;3.4257875;3.653
2016-10-16;49.94199999999999;3.22475;3.654
2016-10-23;50.334;3.17676;3.666
2016-10-30;48.95399999999999;3.14439;3.657
2016-11-06;44.626;3.6354583333333337;3.668
2016-11-13;43.092;3.2736374999999995;3.646
2016-11-20;44.006;3.42462;3.645
2016-11-27;46.492000000000004;3.3897399999999998;3.609
2016-12-04;48.78;3.627708333333333;3.651
2016-12-11;52.260000000000005;3.28056;3.656
2016-12-18;53.258;3.36301;3.696
2016-12-25;53.814;3.3348199999999997;3.666
2017-01-01;54.96;3.27036;3.694
2017-01-08;55.1275;3.15686;3.679
2017-01-15;54.016;3.2196625;3.711
2017-01-22;54.194;3.2145;3.691
2017-01-29;54.90599999999999;3.16898;3.692
2017-02-05;55.534000000000006;3.1578666666666666;3.68
2017-02-12;54.482000000000006;3.1997375;3.676
2017-02-19;54.464;3.09124;3.667
2017-02-26;55.4;3.08534;3.64
2017-03-05;54.402;3.1463714285714284;3.604
2017-03-12;52.784000000000006;3.2181125;3.585
2017-03-19;50.294;3.1328899999999997;3.57
2017-03-26;50.102;3.10183;3.545
2017-04-02;51.33;3.1503750000000004;3.537
2017-04-09;53.278;3.17199;3.539
2017-04-16;54.83;3.1655375;3.519
2017-04-23;52.081999999999994;3.13138;3.503
2017-04-30;49.54600000000001;3.16475;3.499
2017-05-07;48.704;3.2157299999999998;3.503
2017-05-14;48.004000000000005;3.167083333333333;3.488
2017-05-21;51.75;3.18216;3.47
2017-05-28;52.584;3.2739599999999998;3.451
2017-06-04;50.233999999999995;3.191885714285714;3.4160000000000004
2017-06-11;47.275999999999996;3.22936;3.443
2017-06-18;46.182;3.2810699999999997;3.4210000000000003
2017-06-25;44.626;3.32144;3.369
2017-07-02;46.162;3.275525;3.384
2017-07-09;48.172000000000004;3.1759833333333334;3.398
2017-07-16;47.104;3.239725;3.364
2017-07-23;47.986000000000004;3.15388;3.687
2017-07-30;49.95;3.1496299999999997;3.73
2017-08-06;52.04200000000001;3.1735700000000002;3.747
2017-08-13;51.964;3.1907875;3.732
2017-08-20;50.582;3.17259;3.761
2017-08-27;52.028;3.15332;3.761
2017-09-03;52.251999999999995;3.1654714285714287;3.819
2017-09-10;53.884;3.1954000000000002;3.816
2017-09-17;55.544000000000004;3.1592000000000002;3.849
2017-09-24;57.034000000000006;3.12993;3.843
2017-10-01;58.75;3.173966666666667;3.854
2017-10-08;56.076;3.1716833333333336;3.844
2017-10-15;56.205999999999996;3.2015166666666666;3.852
2017-10-22;57.775999999999996;3.17035;3.833
2017-10-29;58.576;3.24709;3.858
2017-11-05;61.038;3.20861;3.844
2017-11-12;64.28599999999999;3.19972;3.903
2017-11-19;61.524;3.2911;3.926
2017-11-26;62.678;3.24236;3.966
2017-12-03;63.73;3.22028;3.978
2017-12-10;63.076;3.182783333333333;4.03
2017-12-17;64.354;3.3173375;4.046
2017-12-24;64.364;3.3;4.073
2017-12-31;66.52;3.3168599999999997;4.115
2018-01-07;67.81;3.3999099999999998;4.125
2018-01-14;69.47;3.8287166666666668;4.133
2018-01-21;69.388;3.21449;4.138
2018-01-28;70.03999999999999;3.17831;4.141
2018-02-04;68.00399999999999;3.2219;4.122
2018-02-11;65.49600000000001;3.7715400000000003;4.122
2018-02-18;62.718;3.2491875;4.113
2018-02-25;65.52000000000001;3.2470100000000004;4.093999999999999
2018-03-04;66.024;3.2577100000000003;4.105
2018-03-11;65.12;3.8345;4.109
2018-03-18;64.138;3.38323;4.106
2018-03-25;67.396;3.2945599999999997;4.12
2018-04-01;68.6475;3.3013;4.119
2018-04-08;67.0275;3.6321125;4.115
2018-04-15;71.244;3.831125;4.11
2018-04-22;73.392;3.4028300000000002;4.119
2018-04-29;74.982;3.46894;4.115
2018-05-06;74.422;3.3862583333333336;4.138999999999999
2018-05-13;76.68;3.8999;4.18
2018-05-20;78.75399999999999;3.6708100000000004;4.36
2018-05-27;78.59;3.66163;4.44
2018-06-03;75.3475;3.5615;4.485
2018-06-10;73.978;3.78249;4.476
2018-06-17;74.25999999999999;3.7757999999999994;4.457
2018-06-24;74.11600000000001;3.75744;4.41
2018-07-01;75.238;3.82041;4.353
2018-07-08;76.328;3.53613;4.347
2018-07-15;75.28999999999999;3.894275;4.341
2018-07-22;71.27000000000001;3.8415500000000002;4.308
2018-07-29;74.0;3.74165;4.265
2018-08-05;73.372;3.466241666666667;4.253
2018-08-12;71.416;3.7600375;4.238
2018-08-19;69.824;3.89983;4.249
2018-08-26;72.772;4.03909;4.294
2018-09-02;76.076;3.875442857142857;4.328
2018-09-09;76.644;3.57988;4.482
2018-09-16;78.10799999999999;3.9618624999999996;4.507
2018-09-23;78.96600000000001;4.11982;4.535
2018-09-30;81.846;4.05172;4.532
2018-10-07;85.442;3.516875;4.553
2018-10-14;83.05199999999999;3.8965249999999996;4.553999999999999
2018-10-21;80.40599999999999;3.71334;4.545
2018-10-28;78.232;3.70182;4.505
2018-11-04;74.088;3.53962;4.435
2018-11-11;70.34400000000001;3.8025700000000002;4.41
2018-11-18;66.208;3.80608;4.343999999999999
2018-11-25;61.217999999999996;3.7831699999999997;4.311
2018-12-02;58.65;3.6945142857142854;4.194
2018-12-09;60.465999999999994;3.6721000000000004;4.168
2018-12-16;59.510000000000005;3.83646;4.133
2018-12-23;54.644000000000005;3.886;4.136
2018-12-30;51.03;3.89877;4.135
2019-01-06;54.31;3.8306916666666666;4.115
2019-01-13;58.636;3.9574;4.093
2019-01-20;59.83;3.72975;4.072
2019-01-27;61.342;3.77433;4.046
2019-02-03;61.379999999999995;3.7426000000000004;4.038
2019-02-10;61.705999999999996;3.97435;4.009
2019-02-17;63.36;3.8583125;3.993
2019-02-24;66.582;3.7299700000000002;4.048
2019-03-03;64.564;3.74669;4.055
2019-03-10;64.734;3.971858333333333;4.134
2019-03-17;65.714;3.9242375000000003;4.149
2019-03-24;67.34400000000001;3.80255;4.184
2019-03-31;67.248;3.9084899999999996;4.183
2019-04-07;69.53999999999999;3.78965;4.2
2019-04-14;71.328;4.097225;4.237
2019-04-21;70.8725;3.9072400000000003;4.308
2019-04-28;72.93199999999999;3.94917;4.335
2019-05-05;71.586;3.8352600000000003;4.373
2019-05-12;71.252;3.986075;4.357
2019-05-19;73.322;4.01432;4.36
2019-05-26;70.888;4.05598;4.352
2019-06-02;69.28999999999999;3.9465916666666665;4.324
2019-06-09;63.146;3.93625;4.305
2019-06-16;63.188;3.9819750000000003;4.2410000000000005
2019-06-23;64.038;3.8600300000000005;4.221
2019-06-30;66.50999999999999;3.8366999999999996;4.168
2019-07-07;63.839999999999996;3.82849;4.137
2019-07-14;65.978;4.041383333333333;4.107
2019-07-21;63.628;3.7490900000000003;4.091
2019-07-28;62.8;3.76432;4.071
2019-08-04;62.586;3.7920000000000003;4.091
2019-08-11;57.327999999999996;3.9875;4.098
2019-08-18;58.251999999999995;3.9985375;4.087
2019-08-25;59.574;4.05148;4.083
2019-09-01;59.826;4.0736083333333335;4.068
2019-09-08;60.227999999999994;3.8874625;4.072
2019-09-15;62.738;4.09475;4.063
2019-09-22;65.55600000000001;4.11633;4.12
2019-09-29;63.152;4.16164;4.127
2019-10-06;59.222;3.90587;4.13
2019-10-13;59.394000000000005;4.0329375;4.146
2019-10-20;59.322;4.146859999999999;4.155
2019-10-27;60.748000000000005;4.06552;4.159
2019-11-03;60.226;3.9010285714285717;4.157
2019-11-10;62.39;3.92711;4.183
2019-11-17;62.564;4.16656;4.192
2019-11-24;63.762;4.19648;4.218
2019-12-01;64.74;4.23036;4.296
2019-12-08;64.714;3.833933333333333;4.317
2019-12-15;66.498;4.104112499999999;4.332
2019-12-22;68.902;4.06956;4.339
2019-12-29;68.836;4.07171;4.329
2020-01-05;67.994;4.5603299999999996;4.336
2020-01-12;67.92999999999999;5.41038;4.355
2020-01-19;64.112;4.15439;4.352
2020-01-26;62.2;4.1833;4.346
2020-02-02;58.572;4.192408333333334;4.344
2020-02-09;54.59400000000001;5.14641;4.319
2020-02-16;55.327999999999996;5.05792;4.3
2020-02-23;58.644000000000005;4.3584000000000005;4.319
2020-03-01;54.242;4.368091666666667;4.305
2020-03-08;50.702;4.962691666666667;4.292
2020-03-15;34.098;5.2423625000000005;4.25
2020-03-22;26.342000000000002;5.05694;4.155
2020-03-29;24.074;5.06119;3.999
2020-04-05;19.56;4.93998;3.83
2020-04-12;22.5325;5.3103;3.789
2020-04-19;19.995;5.21091;3.654
2020-04-26;14.235999999999999;5.422549999999999;3.559
2020-05-03;17.046;5.1475833333333325;3.472
2020-05-10;23.572499999999998;5.364762499999999;3.469
2020-05-17;28.182;5.7901625;3.487
2020-05-24;33.94;5.683;3.509
2020-05-31;33.7025;5.38371;3.57
2020-06-07;38.37;4.8624583333333335;3.59
2020-06-14;39.518;5.449466666666666;3.706
2020-06-21;40.948;5.23465;3.793
2020-06-28;41.694;5.28891;3.89
2020-07-05;42.302;5.0495;3.901
2020-07-12;43.06;5.348599999999999;3.949
2020-07-19;43.404;5.35948;3.993
2020-07-26;43.568;5.2255400000000005;4.03
2020-08-02;43.224000000000004;4.989433333333333;4.032
2020-08-09;44.356;5.313840000000001;4.029
2020-08-16;44.538;5.3762;4.047
2020-08-23;44.792;5.52576;4.047
2020-08-30;45.257999999999996;5.555680000000001;4.047
2020-09-06;43.06;4.84934;4.047
2020-09-13;39.45;5.33104;4.047
2020-09-20;40.769999999999996;5.2751;4.108
2020-09-27;40.89;5.50497;4.108
2020-10-04;39.994;5.0047;4.108
2020-10-11;41.06;5.27208;4.108
2020-10-18;41.32000000000001;5.4924;4.108
2020-10-25;40.998000000000005;5.59804;4.092
2020-11-01;37.906;5.71458;4.126
2020-11-08;38.636;5.0516;4.137
2020-11-15;41.87;5.316525;4.258
2020-11-22;43.007999999999996;5.35722;4.219
2020-11-29;46.426;5.36575;4.199
2020-12-06;47.827999999999996;5.08528;4.21
2020-12-13;49.324;5.463433333333334;4.186
2020-12-20;51.048;5.08581;4.195
2020-12-27;50.605000000000004;5.18369;4.172
